region;nom-golf;numero-trou;par;hcp;sss-homme;sss-femme;slope-homme;slope-femme
Bretagne;Golf de Brest Les Abers;1;4;15;67.2;72.1;113;126
Bretagne;Golf de Brest Les Abers;2;3;13;67.2;72.1;113;126
Bretagne;Golf de Brest Les Abers;3;5;8;67.2;72.1;113;126
Bretagne;Golf de Brest Les Abers;4;4;6;67.2;72.1;113;126
Bretagne;Golf de Brest Les Abers;5;3;17;67.2;72.1;113;126
Bretagne;Golf de Brest Les Abers;6;4;2;67.2;72.1;113;126
Bretagne;Golf de Brest Les Abers;7;4;7;67.2;72.1;113;126
Bretagne;Golf de Brest Les Abers;8;3;16;67.2;72.1;113;126
Bretagne;Golf de Brest Les Abers;9;5;10;67.2;72.1;113;126
Bretagne;Golf de Brest Les Abers;10;4;14;67.2;72.1;113;126
Bretagne;Golf de Brest Les Abers;11;4;3;67.2;72.1;113;126
Bretagne;Golf de Brest Les Abers;12;4;4;67.2;72.1;113;126
Bretagne;Golf de Brest Les Abers;13;4;1;67.2;72.1;113;126
Bretagne;Golf de Brest Les Abers;14;3;9;67.2;72.1;113;126
Bretagne;Golf de Brest Les Abers;15;3;12;67.2;72.1;113;126
Bretagne;Golf de Brest Les Abers;16;4;18;67.2;72.1;113;126
Bretagne;Golf de Brest Les Abers;17;5;5;67.2;72.1;113;126
Bretagne;Golf de Brest Les Abers;18;4;11;67.2;72.1;113;126
Bretagne;Golf de Cornouaille;1;4;4;69.7;75.0;119;132
Bretagne;Golf de Cornouaille;2;4;6;69.7;75.0;119;132
Bretagne;Golf de Cornouaille;3;4;2;69.7;75.0;119;132
Bretagne;Golf de Cornouaille;4;5;10;69.7;75.0;119;132
Bretagne;Golf de Cornouaille;5;3;8;69.7;75.0;119;132
Bretagne;Golf de Cornouaille;6;4;18;69.7;75.0;119;132
Bretagne;Golf de Cornouaille;7;3;16;69.7;75.0;119;132
Bretagne;Golf de Cornouaille;8;4;12;69.7;75.0;119;132
Bretagne;Golf de Cornouaille;9;4;14;69.7;75.0;119;132
Bretagne;Golf de Cornouaille;10;3;17;69.7;75.0;119;132
Bretagne;Golf de Cornouaille;11;5;13;69.7;75.0;119;132
Bretagne;Golf de Cornouaille;12;4;5;69.7;75.0;119;132
Bretagne;Golf de Cornouaille;13;4;3;69.7;75.0;119;132
Bretagne;Golf de Cornouaille;14;4;1;69.7;75.0;119;132
Bretagne;Golf de Cornouaille;15;3;7;69.7;75.0;119;132
Bretagne;Golf de Cornouaille;16;5;9;69.7;75.0;119;132
Bretagne;Golf de Cornouaille;17;4;11;69.7;75.0;119;132
Bretagne;Golf de Cornouaille;18;4;15;69.7;75.0;119;132
Bretagne;Golf de Dinard;1;4;9;68.7;70.3;125;122
Bretagne;Golf de Dinard;2;4;1;68.7;70.3;125;122
Bretagne;Golf de Dinard;3;4;5;68.7;70.3;125;122
Bretagne;Golf de Dinard;4;5;15;68.7;70.3;125;122
Bretagne;Golf de Dinard;5;4;3;68.7;70.3;125;122
Bretagne;Golf de Dinard;6;4;11;68.7;70.3;125;122
Bretagne;Golf de Dinard;7;3;17;68.7;70.3;125;122
Bretagne;Golf de Dinard;8;4;13;68.7;70.3;125;122
Bretagne;Golf de Dinard;9;3;7;68.7;70.3;125;122
Bretagne;Golf de Dinard;10;4;6;68.7;70.3;125;122
Bretagne;Golf de Dinard;11;4;8;68.7;70.3;125;122
Bretagne;Golf de Dinard;12;3;4;68.7;70.3;125;122
Bretagne;Golf de Dinard;13;3;10;68.7;70.3;125;122
Bretagne;Golf de Dinard;14;4;12;68.7;70.3;125;122
Bretagne;Golf de Dinard;15;4;16;68.7;70.3;125;122
Bretagne;Golf de Dinard;16;4;2;68.7;70.3;125;122
Bretagne;Golf de Dinard;17;3;18;68.7;70.3;125;122
Bretagne;Golf de Dinard;18;4;14;68.7;70.3;125;122
Bretagne;Golf Blue Green lOdet;1;5;16;69.7;72.5;122;126
Bretagne;Golf Blue Green lOdet;2;5;8;69.7;72.5;122;126
Bretagne;Golf Blue Green lOdet;3;3;10;69.7;72.5;122;126
Bretagne;Golf Blue Green lOdet;4;4;12;69.7;72.5;122;126
Bretagne;Golf Blue Green lOdet;5;4;18;69.7;72.5;122;126
Bretagne;Golf Blue Green lOdet;6;4;2;69.7;72.5;122;126
Bretagne;Golf Blue Green lOdet;7;4;4;69.7;72.5;122;126
Bretagne;Golf Blue Green lOdet;8;3;14;69.7;72.5;122;126
Bretagne;Golf Blue Green lOdet;9;4;6;69.7;72.5;122;126
Bretagne;Golf Blue Green lOdet;10;4;1;69.7;72.5;122;126
Bretagne;Golf Blue Green lOdet;11;4;7;69.7;72.5;122;126
Bretagne;Golf Blue Green lOdet;12;3;13;69.7;72.5;122;126
Bretagne;Golf Blue Green lOdet;13;5;15;69.7;72.5;122;126
Bretagne;Golf Blue Green lOdet;14;5;17;69.7;72.5;122;126
Bretagne;Golf Blue Green lOdet;15;3;9;69.7;72.5;122;126
Bretagne;Golf Blue Green lOdet;16;4;3;69.7;72.5;122;126
Bretagne;Golf Blue Green lOdet;17;4;11;69.7;72.5;122;126
Bretagne;Golf Blue Green lOdet;18;4;5;69.7;72.5;122;126
Bretagne;Les Ormes Domaine Resort;1;5;5;70.7;76.3;121;135
Bretagne;Les Ormes Domaine Resort;2;3;13;70.7;76.3;121;135
Bretagne;Les Ormes Domaine Resort;3;5;3;70.7;76.3;121;135
Bretagne;Les Ormes Domaine Resort;4;4;1;70.7;76.3;121;135
Bretagne;Les Ormes Domaine Resort;5;4;17;70.7;76.3;121;135
Bretagne;Les Ormes Domaine Resort;6;4;11;70.7;76.3;121;135
Bretagne;Les Ormes Domaine Resort;7;5;9;70.7;76.3;121;135
Bretagne;Les Ormes Domaine Resort;8;3;15;70.7;76.3;121;135
Bretagne;Les Ormes Domaine Resort;9;4;7;70.7;76.3;121;135
Bretagne;Les Ormes Domaine Resort;10;4;4;70.7;76.3;121;135
Bretagne;Les Ormes Domaine Resort;11;3;18;70.7;76.3;121;135
Bretagne;Les Ormes Domaine Resort;12;4;14;70.7;76.3;121;135
Bretagne;Les Ormes Domaine Resort;13;4;2;70.7;76.3;121;135
Bretagne;Les Ormes Domaine Resort;14;5;10;70.7;76.3;121;135
Bretagne;Les Ormes Domaine Resort;15;3;8;70.7;76.3;121;135
Bretagne;Les Ormes Domaine Resort;16;5;12;70.7;76.3;121;135
Bretagne;Les Ormes Domaine Resort;17;3;16;70.7;76.3;121;135
Bretagne;Les Ormes Domaine Resort;18;4;6;70.7;76.3;121;135
Bretagne;Golf de Saint-Cast;1;5;4;68.4;71.0;126;123
Bretagne;Golf de Saint-Cast;2;3;16;68.4;71.0;126;123
Bretagne;Golf de Saint-Cast;3;4;2;68.4;71.0;126;123
Bretagne;Golf de Saint-Cast;4;3;18;68.4;71.0;126;123
Bretagne;Golf de Saint-Cast;5;5;10;68.4;71.0;126;123
Bretagne;Golf de Saint-Cast;6;4;14;68.4;71.0;126;123
Bretagne;Golf de Saint-Cast;7;4;8;68.4;71.0;126;123
Bretagne;Golf de Saint-Cast;8;4;6;68.4;71.0;126;123
Bretagne;Golf de Saint-Cast;9;4;12;68.4;71.0;126;123
Bretagne;Golf de Saint-Cast;10;3;17;68.4;71.0;126;123
Bretagne;Golf de Saint-Cast;11;4;13;68.4;71.0;126;123
Bretagne;Golf de Saint-Cast;12;3;15;68.4;71.0;126;123
Bretagne;Golf de Saint-Cast;13;4;11;68.4;71.0;126;123
Bretagne;Golf de Saint-Cast;14;4;1;68.4;71.0;126;123
Bretagne;Golf de Saint-Cast;15;4;3;68.4;71.0;126;123
Bretagne;Golf de Saint-Cast;16;4;5;68.4;71.0;126;123
Bretagne;Golf de Saint-Cast;17;4;7;68.4;71.0;126;123
Bretagne;Golf de Saint-Cast;18;3;9;68.4;71.0;126;123
Bretagne;Golf Blue Green Pleneuf-Val-Andre;1;5;15;72.2;73.7;124;129
Bretagne;Golf Blue Green Pleneuf-Val-Andre;2;4;1;72.2;73.7;124;129
Bretagne;Golf Blue Green Pleneuf-Val-Andre;3;3;11;72.2;73.7;124;129
Bretagne;Golf Blue Green Pleneuf-Val-Andre;4;4;9;72.2;73.7;124;129
Bretagne;Golf Blue Green Pleneuf-Val-Andre;5;4;7;72.2;73.7;124;129
Bretagne;Golf Blue Green Pleneuf-Val-Andre;6;4;3;72.2;73.7;124;129
Bretagne;Golf Blue Green Pleneuf-Val-Andre;7;5;13;72.2;73.7;124;129
Bretagne;Golf Blue Green Pleneuf-Val-Andre;8;3;17;72.2;73.7;124;129
Bretagne;Golf Blue Green Pleneuf-Val-Andre;9;4;5;72.2;73.7;124;129
Bretagne;Golf Blue Green Pleneuf-Val-Andre;10;4;12;72.2;73.7;124;129
Bretagne;Golf Blue Green Pleneuf-Val-Andre;11;5;18;72.2;73.7;124;129
Bretagne;Golf Blue Green Pleneuf-Val-Andre;12;4;2;72.2;73.7;124;129
Bretagne;Golf Blue Green Pleneuf-Val-Andre;13;3;8;72.2;73.7;124;129
Bretagne;Golf Blue Green Pleneuf-Val-Andre;14;5;10;72.2;73.7;124;129
Bretagne;Golf Blue Green Pleneuf-Val-Andre;15;3;16;72.2;73.7;124;129
Bretagne;Golf Blue Green Pleneuf-Val-Andre;16;4;6;72.2;73.7;124;129
Bretagne;Golf Blue Green Pleneuf-Val-Andre;17;4;14;72.2;73.7;124;129
Bretagne;Golf Blue Green Pleneuf-Val-Andre;18;4;4;72.2;73.7;124;129
Bretagne;Golf Blue Green Ploemeur Ocean;1;4;1;74.3;76.1;128;135
Bretagne;Golf Blue Green Ploemeur Ocean;2;3;5;74.3;76.1;128;135
Bretagne;Golf Blue Green Ploemeur Ocean;3;5;9;74.3;76.1;128;135
Bretagne;Golf Blue Green Ploemeur Ocean;4;4;17;74.3;76.1;128;135
Bretagne;Golf Blue Green Ploemeur Ocean;5;5;3;74.3;76.1;128;135
Bretagne;Golf Blue Green Ploemeur Ocean;6;3;15;74.3;76.1;128;135
Bretagne;Golf Blue Green Ploemeur Ocean;7;4;11;74.3;76.1;128;135
Bretagne;Golf Blue Green Ploemeur Ocean;8;4;13;74.3;76.1;128;135
Bretagne;Golf Blue Green Ploemeur Ocean;9;4;7;74.3;76.1;128;135
Bretagne;Golf Blue Green Ploemeur Ocean;10;4;16;74.3;76.1;128;135
Bretagne;Golf Blue Green Ploemeur Ocean;11;3;6;74.3;76.1;128;135
Bretagne;Golf Blue Green Ploemeur Ocean;12;5;14;74.3;76.1;128;135
Bretagne;Golf Blue Green Ploemeur Ocean;13;4;18;74.3;76.1;128;135
Bretagne;Golf Blue Green Ploemeur Ocean;14;3;8;74.3;76.1;128;135
Bretagne;Golf Blue Green Ploemeur Ocean;15;4;2;74.3;76.1;128;135
Bretagne;Golf Blue Green Ploemeur Ocean;16;4;12;74.3;76.1;128;135
Bretagne;Golf Blue Green Ploemeur Ocean;17;4;4;74.3;76.1;128;135
Bretagne;Golf Blue Green Ploemeur Ocean;18;5;10;74.3;76.1;128;135
Bretagne;Golf Blue Green Baden;1;4;9;72.1;73.8;130;130
Bretagne;Golf Blue Green Baden;2;5;7;72.1;73.8;130;130
Bretagne;Golf Blue Green Baden;3;4;1;72.1;73.8;130;130
Bretagne;Golf Blue Green Baden;4;3;17;72.1;73.8;130;130
Bretagne;Golf Blue Green Baden;5;5;15;72.1;73.8;130;130
Bretagne;Golf Blue Green Baden;6;3;11;72.1;73.8;130;130
Bretagne;Golf Blue Green Baden;7;4;3;72.1;73.8;130;130
Bretagne;Golf Blue Green Baden;8;4;13;72.1;73.8;130;130
Bretagne;Golf Blue Green Baden;9;4;5;72.1;73.8;130;130
Bretagne;Golf Blue Green Baden;10;4;16;72.1;73.8;130;130
Bretagne;Golf Blue Green Baden;11;4;2;72.1;73.8;130;130
Bretagne;Golf Blue Green Baden;12;3;18;72.1;73.8;130;130
Bretagne;Golf Blue Green Baden;13;5;12;72.1;73.8;130;130
Bretagne;Golf Blue Green Baden;14;4;6;72.1;73.8;130;130
Bretagne;Golf Blue Green Baden;15;4;14;72.1;73.8;130;130
Bretagne;Golf Blue Green Baden;16;3;10;72.1;73.8;130;130
Bretagne;Golf Blue Green Baden;17;4;4;72.1;73.8;130;130
Bretagne;Golf Blue Green Baden;18;5;8;72.1;73.8;130;130
Bretagne;Golf Blue Green Val Queven;1;4;11;72.1;74.6;123;131
Bretagne;Golf Blue Green Val Queven;2;4;15;72.1;74.6;123;131
Bretagne;Golf Blue Green Val Queven;3;3;5;72.1;74.6;123;131
Bretagne;Golf Blue Green Val Queven;4;4;8;72.1;74.6;123;131
Bretagne;Golf Blue Green Val Queven;5;5;4;72.1;74.6;123;131
Bretagne;Golf Blue Green Val Queven;6;4;18;72.1;74.6;123;131
Bretagne;Golf Blue Green Val Queven;7;5;7;72.1;74.6;123;131
Bretagne;Golf Blue Green Val Queven;8;3;16;72.1;74.6;123;131
Bretagne;Golf Blue Green Val Queven;9;4;9;72.1;74.6;123;131
Bretagne;Golf Blue Green Val Queven;10;4;10;72.1;74.6;123;131
Bretagne;Golf Blue Green Val Queven;11;4;1;72.1;74.6;123;131
Bretagne;Golf Blue Green Val Queven;12;3;12;72.1;74.6;123;131
Bretagne;Golf Blue Green Val Queven;13;5;3;72.1;74.6;123;131
Bretagne;Golf Blue Green Val Queven;14;3;13;72.1;74.6;123;131
Bretagne;Golf Blue Green Val Queven;15;5;2;72.1;74.6;123;131
Bretagne;Golf Blue Green Val Queven;16;4;14;72.1;74.6;123;131
Bretagne;Golf Blue Green Val Queven;17;4;17;72.1;74.6;123;131
Bretagne;Golf Blue Green Val Queven;18;4;6;72.1;74.6;123;131
Bretagne;Saint-Malo Golf Resort - Les Chenes;1;4;8;36.0;35.3;124;119
Bretagne;Saint-Malo Golf Resort - Les Chenes;2;4;4;36.0;35.3;124;119
Bretagne;Saint-Malo Golf Resort - Les Chenes;3;3;6;36.0;35.3;124;119
Bretagne;Saint-Malo Golf Resort - Les Chenes;4;5;3;36.0;35.3;124;119
Bretagne;Saint-Malo Golf Resort - Les Chenes;5;4;7;36.0;35.3;124;119
Bretagne;Saint-Malo Golf Resort - Les Chenes;6;5;5;36.0;35.3;124;119
Bretagne;Saint-Malo Golf Resort - Les Chenes;7;3;2;36.0;35.3;124;119
Bretagne;Saint-Malo Golf Resort - Les Chenes;8;4;1;36.0;35.3;124;119
Bretagne;Saint-Malo Golf Resort - Les Chenes;9;3;9;36.0;35.3;124;119
Bretagne;Golf Blue Green Saint-Laurent - Menhirs;1;4;5;32.1;34.8;105;118
Bretagne;Golf Blue Green Saint-Laurent - Menhirs;2;3;8;32.1;34.8;105;118
Bretagne;Golf Blue Green Saint-Laurent - Menhirs;3;5;1;32.1;34.8;105;118
Bretagne;Golf Blue Green Saint-Laurent - Menhirs;4;4;2;32.1;34.8;105;118
Bretagne;Golf Blue Green Saint-Laurent - Menhirs;5;3;9;32.1;34.8;105;118
Bretagne;Golf Blue Green Saint-Laurent - Menhirs;6;4;4;32.1;34.8;105;118
Bretagne;Golf Blue Green Saint-Laurent - Menhirs;7;5;7;32.1;34.8;105;118
Bretagne;Golf Blue Green Saint-Laurent - Menhirs;8;4;6;32.1;34.8;105;118
Bretagne;Golf Blue Green Saint-Laurent - Menhirs;9;3;3;32.1;34.8;105;118
Bretagne;Golf Blue Green Rennes St-Jacques - Compact;1;3;17;27.2;0;85;0
Bretagne;Golf Blue Green Rennes St-Jacques - Compact;2;3;5;27.2;0;85;0
Bretagne;Golf Blue Green Rennes St-Jacques - Compact;3;3;11;27.2;0;85;0
Bretagne;Golf Blue Green Rennes St-Jacques - Compact;4;3;9;27.2;0;85;0
Bretagne;Golf Blue Green Rennes St-Jacques - Compact;5;3;3;27.2;0;85;0
Bretagne;Golf Blue Green Rennes St-Jacques - Compact;6;3;13;27.2;0;85;0
Bretagne;Golf Blue Green Rennes St-Jacques - Compact;7;3;1;27.2;0;85;0
Bretagne;Golf Blue Green Rennes St-Jacques - Compact;8;3;15;27.2;0;85;0
Bretagne;Golf Blue Green Rennes St-Jacques - Compact;9;3;7;27.2;0;85;0
